År;Region;Ålder;­ 8 veckor;9 ­ 11 veckor;12 veckor eller mer
2012;Stockholm;­19 år;965;222;100
2012;Stockholm;20­24 år;2051;373;156
2012;Stockholm;25­29 år;1769;256;119
2012;Stockholm;30­34 år;1453;218;117
2012;Stockholm;35­39 år;1144;188;113
2012;Stockholm;40+ år;601;92;73
2012;Uppsala;­19 år;138;30;8
2012;Uppsala;20­24 år;285;56;18
2012;Uppsala;25­29 år;245;48;8
2012;Uppsala;30­34 år;171;20;5
2012;Uppsala;35­39 år;115;19;7
2012;Uppsala;40+ år;78;18;­­
2012;Södermanland;­19 år;151;32;16
2012;Södermanland;20­24 år;267;42;17
2012;Södermanland;25­29 år;200;22;12
2012;Södermanland;30­34 år;153;19;9
2012;Södermanland;35­39 år;102;11;10
2012;Södermanland;40+ år;53;10;5
2012;Östergötland;­19 år;151;37;15
2012;Östergötland;20­24 år;340;61;25
2012;Östergötland;25­29 år;265;38;29
2012;Östergötland;30­34 år;238;24;14
2012;Östergötland;35­39 år;184;13;10
2012;Östergötland;40+ år;86;8;7
2012;Jönköping;­19 år;112;20;12
2012;Jönköping;20­24 år;197;41;20
2012;Jönköping;25­29 år;154;20;11
2012;Jönköping;30­34 år;109;16;13
2012;Jönköping;35­39 år;89;15;7
2012;Jönköping;40+ år;60;9;3
2012;Kronoberg;­19 år;56;22;6
2012;Kronoberg;20­24 år;95;22;6
2012;Kronoberg;25­29 år;80;14;8
2012;Kronoberg;30­34 år;61;18;7
2012;Kronoberg;35­39 år;52;8;6
2012;Kronoberg;40+ år;26;7;6
2012;Kalmar;­19 år;94;18;12
2012;Kalmar;20­24 år;176;25;11
2012;Kalmar;25­29 år;99;13;7
2012;Kalmar;30­34 år;68;17;6
2012;Kalmar;35­39 år;50;10;6
2012;Kalmar;40+ år;41;7;1
2012;Gotland;­19 år;32;8;2
2012;Gotland;20­24 år;76;9;5
2012;Gotland;25­29 år;26;1;3
2012;Gotland;30­34 år;29;2;­­
2012;Gotland;35­39 år;25;4;3
2012;Gotland;40+ år;15;­­;1
2012;Blekinge;­19 år;42;13;11
2012;Blekinge;20­24 år;88;20;13
2012;Blekinge;25­29 år;68;10;8
2012;Blekinge;30­34 år;46;10;3
2012;Blekinge;35­39 år;43;6;1
2012;Blekinge;40+ år;16;3;3
2012;Skåne;­19 år;369;140;63
2012;Skåne;20­24 år;924;220;95
2012;Skåne;25­29 år;769;165;93
2012;Skåne;30­34 år;584;106;68
2012;Skåne;35­39 år;429;89;45
2012;Skåne;40+ år;235;35;21
2012;Halland;­19 år;97;21;13
2012;Halland;20­24 år;227;37;14
2012;Halland;25­29 år;128;14;8
2012;Halland;30­34 år;106;20;12
2012;Halland;35­39 år;116;20;13
2012;Halland;40+ år;42;8;8
2012;Västra Götaland;­19 år;614;159;65
2012;Västra Götaland;20­24 år;1345;240;91
2012;Västra Götaland;25­29 år;1071;159;70
2012;Västra Götaland;30­34 år;806;124;70
2012;Västra Götaland;35­39 år;623;94;57
2012;Västra Götaland;40+ år;323;54;21
2012;Värmland;­19 år;138;37;19
2012;Värmland;20­24 år;238;35;24
2012;Värmland;25­29 år;159;43;6
2012;Värmland;30­34 år;137;27;7
2012;Värmland;35­39 år;92;24;9
2012;Värmland;40+ år;48;8;7
2012;Örebro;­19 år;100;17;11
2012;Örebro;20­24 år;251;25;22
2012;Örebro;25­29 år;197;24;20
2012;Örebro;30­34 år;156;14;18
2012;Örebro;35­39 år;91;13;11
2012;Örebro;40+ år;52;4;3
2012;Västmanland;­19 år;116;17;13
2012;Västmanland;20­24 år;250;38;15
2012;Västmanland;25­29 år;197;25;11
2012;Västmanland;30­34 år;121;24;6
2012;Västmanland;35­39 år;118;11;14
2012;Västmanland;40+ år;54;2;5
2012;Dalarna;­19 år;117;33;11
2012;Dalarna;20­24 år;257;50;10
2012;Dalarna;25­29 år;171;26;18
2012;Dalarna;30­34 år;116;17;9
2012;Dalarna;35­39 år;78;18;15
2012;Dalarna;40+ år;47;3;3
2012;Gävleborg;­19 år;188;19;11
2012;Gävleborg;20­24 år;283;48;17
2012;Gävleborg;25­29 år;180;29;8
2012;Gävleborg;30­34 år;155;17;9
2012;Gävleborg;35­39 år;117;18;7
2012;Gävleborg;40+ år;51;13;8
2012;Västernorrland;­19 år;120;23;7
2012;Västernorrland;20­24 år;242;29;23
2012;Västernorrland;25­29 år;175;22;8
2012;Västernorrland;30­34 år;117;11;5
2012;Västernorrland;35­39 år;84;14;14
2012;Västernorrland;40+ år;53;8;6
2012;Jämtland;­19 år;55;12;4
2012;Jämtland;20­24 år;136;23;6
2012;Jämtland;25­29 år;82;9;­­
2012;Jämtland;30­34 år;64;5;2
2012;Jämtland;35­39 år;39;8;2
2012;Jämtland;40+ år;25;4;2
2012;Västerbotten;­19 år;109;18;10
2012;Västerbotten;20­24 år;216;41;15
2012;Västerbotten;25­29 år;140;24;15
2012;Västerbotten;30­34 år;103;20;15
2012;Västerbotten;35­39 år;75;8;14
2012;Västerbotten;40+ år;31;5;4
2012;Norrbotten;­19 år;112;15;7
2012;Norrbotten;20­24 år;236;29;10
2012;Norrbotten;25­29 år;133;24;11
2012;Norrbotten;30­34 år;117;14;7
2012;Norrbotten;35­39 år;89;10;3
2012;Norrbotten;40+ år;51;1;2
2011;Stockholm;­19 år;1115;254;93
2011;Stockholm;20­24 år;1957;412;129
2011;Stockholm;25­29 år;1677;268;112
2011;Stockholm;30­34 år;1506;240;118
2011;Stockholm;35­39 år;1262;205;118
2011;Stockholm;40+ år;681;81;64
2011;Uppsala;­19 år;125;40;16
2011;Uppsala;20­24 år;300;67;18
2011;Uppsala;25­29 år;239;28;13
2011;Uppsala;30­34 år;156;29;9
2011;Uppsala;35­39 år;136;23;3
2011;Uppsala;40+ år;80;10;1
2011;Södermanland;­19 år;163;27;12
2011;Södermanland;20­24 år;265;37;19
2011;Södermanland;25­29 år;173;12;7
2011;Södermanland;30­34 år;136;18;10
2011;Södermanland;35­39 år;114;12;7
2011;Södermanland;40+ år;64;6;3
2011;Östergötland;­19 år;174;24;21
2011;Östergötland;20­24 år;341;74;29
2011;Östergötland;25­29 år;268;41;18
2011;Östergötland;30­34 år;192;32;21
2011;Östergötland;35­39 år;175;25;15
2011;Östergötland;40+ år;80;14;10
2011;Jönköping;­19 år;113;26;13
2011;Jönköping;20­24 år;220;42;25
2011;Jönköping;25­29 år;160;16;15
2011;Jönköping;30­34 år;123;15;8
2011;Jönköping;35­39 år;112;12;4
2011;Jönköping;40+ år;56;6;3
2011;Kronoberg;­19 år;57;15;9
2011;Kronoberg;20­24 år;107;21;5
2011;Kronoberg;25­29 år;84;8;8
2011;Kronoberg;30­34 år;73;11;6
2011;Kronoberg;35­39 år;49;17;2
2011;Kronoberg;40+ år;29;10;5
2011;Kalmar;­19 år;116;29;14
2011;Kalmar;20­24 år;169;15;19
2011;Kalmar;25­29 år;111;16;9
2011;Kalmar;30­34 år;79;8;7
2011;Kalmar;35­39 år;50;11;6
2011;Kalmar;40+ år;37;5;1
2011;Gotland;­19 år;43;7;4
2011;Gotland;20­24 år;82;20;12
2011;Gotland;25­29 år;32;4;­­
2011;Gotland;30­34 år;51;1;1
2011;Gotland;35­39 år;25;1;1
2011;Gotland;40+ år;19;1;1
2011;Blekinge;­19 år;50;12;5
2011;Blekinge;20­24 år;103;29;8
2011;Blekinge;25­29 år;63;14;6
2011;Blekinge;30­34 år;49;9;2
2011;Blekinge;35­39 år;52;15;2
2011;Blekinge;40+ år;27;7;1
2011;Skåne;­19 år;453;152;66
2011;Skåne;20­24 år;938;245;96
2011;Skåne;25­29 år;711;173;61
2011;Skåne;30­34 år;645;118;58
2011;Skåne;35­39 år;507;116;70
2011;Skåne;40+ år;215;45;33
2011;Halland;­19 år;130;32;13
2011;Halland;20­24 år;226;40;10
2011;Halland;25­29 år;130;12;12
2011;Halland;30­34 år;116;9;4
2011;Halland;35­39 år;107;16;5
2011;Halland;40+ år;68;8;5
2011;Västra Götaland;­19 år;683;157;58
2011;Västra Götaland;20­24 år;1396;220;91
2011;Västra Götaland;25­29 år;1041;140;73
2011;Västra Götaland;30­34 år;723;108;57
2011;Västra Götaland;35­39 år;641;98;49
2011;Västra Götaland;40+ år;297;48;32
2011;Värmland;­19 år;123;37;14
2011;Värmland;20­24 år;232;43;17
2011;Värmland;25­29 år;172;27;7
2011;Värmland;30­34 år;124;14;6
2011;Värmland;35­39 år;105;13;4
2011;Värmland;40+ år;66;9;7
2011;Örebro;­19 år;115;18;12
2011;Örebro;20­24 år;284;39;21
2011;Örebro;25­29 år;179;28;10
2011;Örebro;30­34 år;159;14;14
2011;Örebro;35­39 år;99;9;17
2011;Örebro;40+ år;65;4;4
2011;Västmanland;­19 år;101;18;12
2011;Västmanland;20­24 år;154;47;6
2011;Västmanland;25­29 år;121;28;9
2011;Västmanland;30­34 år;80;19;7
2011;Västmanland;35­39 år;70;12;6
2011;Västmanland;40+ år;42;11;3
2011;Dalarna;­19 år;128;40;10
2011;Dalarna;20­24 år;247;60;21
2011;Dalarna;25­29 år;132;21;17
2011;Dalarna;30­34 år;119;29;13
2011;Dalarna;35­39 år;106;24;7
2011;Dalarna;40+ år;51;9;4
2011;Gävleborg;­19 år;139;34;10
2011;Gävleborg;20­24 år;212;48;11
2011;Gävleborg;25­29 år;172;22;13
2011;Gävleborg;30­34 år;96;26;4
2011;Gävleborg;35­39 år;106;17;4
2011;Gävleborg;40+ år;57;7;4
2011;Västernorrland;­19 år;124;11;15
2011;Västernorrland;20­24 år;195;38;13
2011;Västernorrland;25­29 år;150;17;11
2011;Västernorrland;30­34 år;116;10;11
2011;Västernorrland;35­39 år;99;6;5
2011;Västernorrland;40+ år;49;4;4
2011;Jämtland;­19 år;77;18;6
2011;Jämtland;20­24 år;113;21;14
2011;Jämtland;25­29 år;79;13;10
2011;Jämtland;30­34 år;56;10;2
2011;Jämtland;35­39 år;43;12;5
2011;Jämtland;40+ år;30;4;1
2011;Västerbotten;­19 år;136;28;13
2011;Västerbotten;20­24 år;219;43;15
2011;Västerbotten;25­29 år;140;15;11
2011;Västerbotten;30­34 år;105;20;12
2011;Västerbotten;35­39 år;74;13;12
2011;Västerbotten;40+ år;40;4;4
2011;Norrbotten;­19 år;130;25;14
2011;Norrbotten;20­24 år;221;44;17
2011;Norrbotten;25­29 år;144;22;12
2011;Norrbotten;30­34 år;117;22;6
2011;Norrbotten;35­39 år;89;18;5
2011;Norrbotten;40+ år;51;6;4
2010;Stockholm;­19 år;1120;298;105
2010;Stockholm;20­24 år;1918;402;132
2010;Stockholm;25­29 år;1745;307;100
2010;Stockholm;30­34 år;1494;270;118
2010;Stockholm;35­39 år;1219;224;125
2010;Stockholm;40+ år;625;105;55
2010;Uppsala;­19 år;139;42;16
2010;Uppsala;20­24 år;300;66;22
2010;Uppsala;25­29 år;205;36;13
2010;Uppsala;30­34 år;180;26;12
2010;Uppsala;35­39 år;132;24;9
2010;Uppsala;40+ år;60;11;5
2010;Södermanland;­19 år;172;35;12
2010;Södermanland;20­24 år;261;24;12
2010;Södermanland;25­29 år;180;20;11
2010;Södermanland;30­34 år;133;16;7
2010;Södermanland;35­39 år;122;13;2
2010;Södermanland;40+ år;53;9;6
2010;Östergötland;­19 år;198;45;13
2010;Östergötland;20­24 år;329;46;25
2010;Östergötland;25­29 år;248;24;23
2010;Östergötland;30­34 år;181;26;13
2010;Östergötland;35­39 år;160;22;21
2010;Östergötland;40+ år;92;15;7
2010;Jönköping;­19 år;153;27;7
2010;Jönköping;20­24 år;222;32;18
2010;Jönköping;25­29 år;132;12;19
2010;Jönköping;30­34 år;111;18;11
2010;Jönköping;35­39 år;113;16;10
2010;Jönköping;40+ år;53;5;3
2010;Kronoberg;­19 år;70;16;4
2010;Kronoberg;20­24 år;118;29;6
2010;Kronoberg;25­29 år;76;13;13
2010;Kronoberg;30­34 år;60;9;5
2010;Kronoberg;35­39 år;50;8;2
2010;Kronoberg;40+ år;27;3;1
2010;Kalmar;­19 år;100;19;13
2010;Kalmar;20­24 år;156;24;12
2010;Kalmar;25­29 år;98;17;5
2010;Kalmar;30­34 år;90;5;6
2010;Kalmar;35­39 år;72;17;7
2010;Kalmar;40+ år;28;2;1
2010;Gotland;­19 år;52;9;3
2010;Gotland;20­24 år;59;15;4
2010;Gotland;25­29 år;31;3;2
2010;Gotland;30­34 år;25;5;1
2010;Gotland;35­39 år;16;4;3
2010;Gotland;40+ år;10;1;2
2010;Blekinge;­19 år;47;20;4
2010;Blekinge;20­24 år;81;29;6
2010;Blekinge;25­29 år;64;18;2
2010;Blekinge;30­34 år;53;6;4
2010;Blekinge;35­39 år;40;7;1
2010;Blekinge;40+ år;23;7;1
2010;Skåne;­19 år;538;163;57
2010;Skåne;20­24 år;948;246;112
2010;Skåne;25­29 år;746;164;63
2010;Skåne;30­34 år;587;124;69
2010;Skåne;35­39 år;470;104;60
2010;Skåne;40+ år;227;43;21
2010;Halland;­19 år;152;34;8
2010;Halland;20­24 år;197;29;18
2010;Halland;25­29 år;104;17;10
2010;Halland;30­34 år;100;17;11
2010;Halland;35­39 år;105;11;11
2010;Halland;40+ år;59;8;6
2010;Västra Götaland;­19 år;755;172;78
2010;Västra Götaland;20­24 år;1324;229;85
2010;Västra Götaland;25­29 år;999;162;64
2010;Västra Götaland;30­34 år;783;111;68
2010;Västra Götaland;35­39 år;623;89;54
2010;Västra Götaland;40+ år;298;54;24
2010;Värmland;­19 år;158;54;18
2010;Värmland;20­24 år;210;42;18
2010;Värmland;25­29 år;152;31;14
2010;Värmland;30­34 år;119;16;7
2010;Värmland;35­39 år;117;22;9
2010;Värmland;40+ år;56;8;5
2010;Örebro;­19 år;140;24;16
2010;Örebro;20­24 år;262;38;11
2010;Örebro;25­29 år;189;27;13
2010;Örebro;30­34 år;133;22;11
2010;Örebro;35­39 år;106;15;8
2010;Örebro;40+ år;69;7;9
2010;Västmanland;­19 år;119;23;8
2010;Västmanland;20­24 år;204;38;8
2010;Västmanland;25­29 år;124;24;16
2010;Västmanland;30­34 år;79;27;9
2010;Västmanland;35­39 år;84;5;7
2010;Västmanland;40+ år;44;10;2
2010;Dalarna;­19 år;145;60;15
2010;Dalarna;20­24 år;204;53;11
2010;Dalarna;25­29 år;159;21;4
2010;Dalarna;30­34 år;127;20;13
2010;Dalarna;35­39 år;98;22;9
2010;Dalarna;40+ år;42;7;3
2010;Gävleborg;­19 år;144;32;14
2010;Gävleborg;20­24 år;223;54;18
2010;Gävleborg;25­29 år;130;19;5
2010;Gävleborg;30­34 år;102;26;9
2010;Gävleborg;35­39 år;95;24;6
2010;Gävleborg;40+ år;47;10;­­
2010;Västernorrland;­19 år;144;26;9
2010;Västernorrland;20­24 år;182;41;26
2010;Västernorrland;25­29 år;126;17;11
2010;Västernorrland;30­34 år;112;12;5
2010;Västernorrland;35­39 år;105;15;9
2010;Västernorrland;40+ år;40;7;4
2010;Jämtland;­19 år;58;18;9
2010;Jämtland;20­24 år;100;23;9
2010;Jämtland;25­29 år;89;10;6
2010;Jämtland;30­34 år;66;8;3
2010;Jämtland;35­39 år;58;8;5
2010;Jämtland;40+ år;23;4;2
2010;Västerbotten;­19 år;131;32;10
2010;Västerbotten;20­24 år;212;38;8
2010;Västerbotten;25­29 år;148;17;11
2010;Västerbotten;30­34 år;92;10;7
2010;Västerbotten;35­39 år;75;9;3
2010;Västerbotten;40+ år;46;6;5
2010;Norrbotten;­19 år;156;25;12
2010;Norrbotten;20­24 år;238;34;12
2010;Norrbotten;25­29 år;130;18;8
2010;Norrbotten;30­34 år;131;16;10
2010;Norrbotten;35­39 år;89;16;4
2010;Norrbotten;40+ år;56;6;4
2009;Stockholm;­19 år;1181;319;100
2009;Stockholm;20­24 år;1779;386;132
2009;Stockholm;25­29 år;1659;319;87
2009;Stockholm;30­34 år;1446;276;118
2009;Stockholm;35­39 år;1203;229;111
2009;Stockholm;40+ år;605;92;49
2009;Uppsala;­19 år;153;55;18
2009;Uppsala;20­24 år;282;45;15
2009;Uppsala;25­29 år;182;35;7
2009;Uppsala;30­34 år;149;23;8
2009;Uppsala;35­39 år;130;30;12
2009;Uppsala;40+ år;66;20;1
2009;Södermanland;­19 år;183;34;11
2009;Södermanland;20­24 år;245;32;13
2009;Södermanland;25­29 år;162;25;12
2009;Södermanland;30­34 år;131;14;8
2009;Södermanland;35­39 år;113;9;5
2009;Södermanland;40+ år;50;7;2
2009;Östergötland;­19 år;226;40;27
2009;Östergötland;20­24 år;326;66;26
2009;Östergötland;25­29 år;226;32;20
2009;Östergötland;30­34 år;204;30;19
2009;Östergötland;35­39 år;178;23;12
2009;Östergötland;40+ år;88;11;8
2009;Jönköping;­19 år;173;29;11
2009;Jönköping;20­24 år;194;39;13
2009;Jönköping;25­29 år;158;13;11
2009;Jönköping;30­34 år;127;19;11
2009;Jönköping;35­39 år;114;10;14
2009;Jönköping;40+ år;63;6;4
2009;Kronoberg;­19 år;75;17;5
2009;Kronoberg;20­24 år;105;18;11
2009;Kronoberg;25­29 år;77;14;14
2009;Kronoberg;30­34 år;66;8;12
2009;Kronoberg;35­39 år;66;8;5
2009;Kronoberg;40+ år;28;­­;2
2009;Kalmar;­19 år;123;13;12
2009;Kalmar;20­24 år;147;22;7
2009;Kalmar;25­29 år;96;12;7
2009;Kalmar;30­34 år;80;8;5
2009;Kalmar;35­39 år;66;10;3
2009;Kalmar;40+ år;42;1;3
2009;Gotland;­19 år;54;11;7
2009;Gotland;20­24 år;50;12;­­
2009;Gotland;25­29 år;32;6;­­
2009;Gotland;30­34 år;20;6;2
2009;Gotland;35­39 år;25;2;1
2009;Gotland;40+ år;12;2;­­
2009;Blekinge;­19 år;49;20;4
2009;Blekinge;20­24 år;69;20;7
2009;Blekinge;25­29 år;72;12;3
2009;Blekinge;30­34 år;56;11;1
2009;Blekinge;35­39 år;32;10;1
2009;Blekinge;40+ år;14;3;­­
2009;Skåne;­19 år;581;211;78
2009;Skåne;20­24 år;1032;220;84
2009;Skåne;25­29 år;755;157;59
2009;Skåne;30­34 år;560;133;59
2009;Skåne;35­39 år;460;106;41
2009;Skåne;40+ år;213;52;27
2009;Halland;­19 år;162;45;21
2009;Halland;20­24 år;176;45;12
2009;Halland;25­29 år;134;17;4
2009;Halland;30­34 år;104;19;8
2009;Halland;35­39 år;106;11;8
2009;Halland;40+ år;49;8;5
2009;Västra Götaland;­19 år;864;206;83
2009;Västra Götaland;20­24 år;1261;284;87
2009;Västra Götaland;25­29 år;947;168;65
2009;Västra Götaland;30­34 år;689;137;68
2009;Västra Götaland;35­39 år;522;106;61
2009;Västra Götaland;40+ år;309;43;25
2009;Värmland;­19 år;144;41;8
2009;Värmland;20­24 år;236;46;21
2009;Värmland;25­29 år;147;19;15
2009;Värmland;30­34 år;139;17;10
2009;Värmland;35­39 år;115;21;14
2009;Värmland;40+ år;66;12;2
2009;Örebro;­19 år;165;22;13
2009;Örebro;20­24 år;241;41;15
2009;Örebro;25­29 år;198;29;10
2009;Örebro;30­34 år;119;15;8
2009;Örebro;35­39 år;109;27;9
2009;Örebro;40+ år;60;12;8
2009;Västmanland;­19 år;130;33;11
2009;Västmanland;20­24 år;204;42;8
2009;Västmanland;25­29 år;132;27;8
2009;Västmanland;30­34 år;109;20;8
2009;Västmanland;35­39 år;92;15;9
2009;Västmanland;40+ år;42;6;3
2009;Dalarna;­19 år;146;48;18
2009;Dalarna;20­24 år;209;45;16
2009;Dalarna;25­29 år;116;20;5
2009;Dalarna;30­34 år;117;27;7
2009;Dalarna;35­39 år;96;22;4
2009;Dalarna;40+ år;40;9;1
2009;Gävleborg;­19 år;167;40;18
2009;Gävleborg;20­24 år;192;40;14
2009;Gävleborg;25­29 år;162;23;9
2009;Gävleborg;30­34 år;120;31;9
2009;Gävleborg;35­39 år;99;14;8
2009;Gävleborg;40+ år;51;13;7
2009;Västernorrland;­19 år;140;31;10
2009;Västernorrland;20­24 år;163;40;16
2009;Västernorrland;25­29 år;112;27;11
2009;Västernorrland;30­34 år;105;15;7
2009;Västernorrland;35­39 år;102;12;11
2009;Västernorrland;40+ år;32;7;­­
2009;Jämtland;­19 år;80;20;12
2009;Jämtland;20­24 år;108;20;11
2009;Jämtland;25­29 år;71;9;4
2009;Jämtland;30­34 år;53;3;6
2009;Jämtland;35­39 år;46;4;5
2009;Jämtland;40+ år;33;9;4
2009;Västerbotten;­19 år;150;30;11
2009;Västerbotten;20­24 år;203;24;10
2009;Västerbotten;25­29 år;124;10;14
2009;Västerbotten;30­34 år;121;10;7
2009;Västerbotten;35­39 år;82;7;8
2009;Västerbotten;40+ år;47;6;2
2009;Norrbotten;­19 år;162;41;19
2009;Norrbotten;20­24 år;197;38;8
2009;Norrbotten;25­29 år;129;23;8
2009;Norrbotten;30­34 år;118;24;9
2009;Norrbotten;35­39 år;100;17;10
2009;Norrbotten;40+ år;49;9;2
2008;Stockholm;­19 år;1212;391;121
2008;Stockholm;20­24 år;1699;533;147
2008;Stockholm;25­29 år;1580;374;117
2008;Stockholm;30­34 år;1347;356;100
2008;Stockholm;35­39 år;1174;240;111
2008;Stockholm;40+ år;578;144;61
2008;Uppsala;­19 år;168;63;15
2008;Uppsala;20­24 år;263;85;23
2008;Uppsala;25­29 år;191;35;3
2008;Uppsala;30­34 år;126;25;5
2008;Uppsala;35­39 år;142;20;3
2008;Uppsala;40+ år;68;23;6
2008;Södermanland;­19 år;205;50;20
2008;Södermanland;20­24 år;211;39;15
2008;Södermanland;25­29 år;171;23;14
2008;Södermanland;30­34 år;117;13;3
2008;Södermanland;35­39 år;119;16;4
2008;Södermanland;40+ år;61;16;5
2008;Östergötland;­19 år;236;40;30
2008;Östergötland;20­24 år;312;57;22
2008;Östergötland;25­29 år;236;26;17
2008;Östergötland;30­34 år;194;27;22
2008;Östergötland;35­39 år;162;26;12
2008;Östergötland;40+ år;90;12;4
2008;Jönköping;­19 år;151;24;14
2008;Jönköping;20­24 år;219;31;11
2008;Jönköping;25­29 år;131;8;9
2008;Jönköping;30­34 år;124;13;10
2008;Jönköping;35­39 år;117;15;9
2008;Jönköping;40+ år;70;9;3
2008;Kronoberg;­19 år;63;13;11
2008;Kronoberg;20­24 år;98;17;6
2008;Kronoberg;25­29 år;80;12;6
2008;Kronoberg;30­34 år;65;9;8
2008;Kronoberg;35­39 år;52;9;2
2008;Kronoberg;40+ år;25;1;1
2008;Kalmar;­19 år;135;27;16
2008;Kalmar;20­24 år;145;29;12
2008;Kalmar;25­29 år;122;14;6
2008;Kalmar;30­34 år;71;15;11
2008;Kalmar;35­39 år;84;7;7
2008;Kalmar;40+ år;36;3;­­
2008;Gotland;­19 år;49;13;4
2008;Gotland;20­24 år;58;7;6
2008;Gotland;25­29 år;29;8;4
2008;Gotland;30­34 år;16;5;1
2008;Gotland;35­39 år;24;7;1
2008;Gotland;40+ år;8;3;1
2008;Blekinge;­19 år;67;20;8
2008;Blekinge;20­24 år;77;24;5
2008;Blekinge;25­29 år;59;10;6
2008;Blekinge;30­34 år;39;15;4
2008;Blekinge;35­39 år;40;16;3
2008;Blekinge;40+ år;17;8;2
2008;Skåne;­19 år;591;219;70
2008;Skåne;20­24 år;928;293;99
2008;Skåne;25­29 år;730;175;57
2008;Skåne;30­34 år;552;135;54
2008;Skåne;35­39 år;474;104;51
2008;Skåne;40+ år;225;50;29
2008;Halland;­19 år;164;38;16
2008;Halland;20­24 år;210;32;13
2008;Halland;25­29 år;128;17;4
2008;Halland;30­34 år;120;16;9
2008;Halland;35­39 år;108;23;8
2008;Halland;40+ år;65;9;3
2008;Västra Götaland;­19 år;954;262;88
2008;Västra Götaland;20­24 år;1145;275;103
2008;Västra Götaland;25­29 år;931;170;68
2008;Västra Götaland;30­34 år;736;135;84
2008;Västra Götaland;35­39 år;584;124;69
2008;Västra Götaland;40+ år;302;65;30
2008;Värmland;­19 år;149;51;11
2008;Värmland;20­24 år;239;48;9
2008;Värmland;25­29 år;158;29;6
2008;Värmland;30­34 år;114;27;9
2008;Värmland;35­39 år;109;25;3
2008;Värmland;40+ år;40;4;­­
2008;Örebro;­19 år;175;29;16
2008;Örebro;20­24 år;216;34;21
2008;Örebro;25­29 år;186;18;13
2008;Örebro;30­34 år;127;24;14
2008;Örebro;35­39 år;107;15;8
2008;Örebro;40+ år;49;8;8
2008;Västmanland;­19 år;173;38;20
2008;Västmanland;20­24 år;210;47;12
2008;Västmanland;25­29 år;110;38;5
2008;Västmanland;30­34 år;101;21;9
2008;Västmanland;35­39 år;61;17;7
2008;Västmanland;40+ år;41;9;3
2008;Dalarna;­19 år;154;46;25
2008;Dalarna;20­24 år;175;57;18
2008;Dalarna;25­29 år;127;29;7
2008;Dalarna;30­34 år;97;29;8
2008;Dalarna;35­39 år;91;18;14
2008;Dalarna;40+ år;45;11;3
2008;Gävleborg;­19 år;169;48;26
2008;Gävleborg;20­24 år;205;44;15
2008;Gävleborg;25­29 år;138;21;8
2008;Gävleborg;30­34 år;134;23;5
2008;Gävleborg;35­39 år;118;18;13
2008;Gävleborg;40+ år;43;5;2
2008;Västernorrland;­19 år;174;35;12
2008;Västernorrland;20­24 år;177;34;12
2008;Västernorrland;25­29 år;149;20;8
2008;Västernorrland;30­34 år;99;16;12
2008;Västernorrland;35­39 år;97;7;10
2008;Västernorrland;40+ år;50;10;1
2008;Jämtland;­19 år;84;25;11
2008;Jämtland;20­24 år;88;26;4
2008;Jämtland;25­29 år;65;13;11
2008;Jämtland;30­34 år;55;5;4
2008;Jämtland;35­39 år;48;9;­­
2008;Jämtland;40+ år;26;5;6
2008;Västerbotten;­19 år;187;31;12
2008;Västerbotten;20­24 år;200;34;9
2008;Västerbotten;25­29 år;132;15;10
2008;Västerbotten;30­34 år;89;14;8
2008;Västerbotten;35­39 år;91;13;6
2008;Västerbotten;40+ år;38;10;3
2008;Norrbotten;­19 år;172;41;12
2008;Norrbotten;20­24 år;204;34;23
2008;Norrbotten;25­29 år;125;20;14
2008;Norrbotten;30­34 år;96;24;10
2008;Norrbotten;35­39 år;106;23;7
2008;Norrbotten;40+ år;57;6;4
2007;Stockholm;­19 år;1192;443;113
2007;Stockholm;20­24 år;1508;519;113
2007;Stockholm;25­29 år;1521;391;124
2007;Stockholm;30­34 år;1272;347;107
2007;Stockholm;35­39 år;1108;303;94
2007;Stockholm;40+ år;534;143;40
2007;Uppsala;­19 år;187;79;19
2007;Uppsala;20­24 år;249;91;15
2007;Uppsala;25­29 år;160;52;10
2007;Uppsala;30­34 år;138;54;4
2007;Uppsala;35­39 år;109;49;10
2007;Uppsala;40+ år;54;18;2
2007;Södermanland;­19 år;217;36;10
2007;Södermanland;20­24 år;252;47;19
2007;Södermanland;25­29 år;147;28;11
2007;Södermanland;30­34 år;132;25;10
2007;Södermanland;35­39 år;97;20;8
2007;Södermanland;40+ år;69;7;3
2007;Östergötland;­19 år;263;57;24
2007;Östergötland;20­24 år;306;63;29
2007;Östergötland;25­29 år;199;32;16
2007;Östergötland;30­34 år;190;30;20
2007;Östergötland;35­39 år;181;20;10
2007;Östergötland;40+ år;82;6;4
2007;Jönköping;­19 år;159;20;17
2007;Jönköping;20­24 år;224;24;18
2007;Jönköping;25­29 år;140;18;6
2007;Jönköping;30­34 år;130;12;10
2007;Jönköping;35­39 år;95;8;7
2007;Jönköping;40+ år;48;6;2
2007;Kronoberg;­19 år;64;17;7
2007;Kronoberg;20­24 år;88;16;8
2007;Kronoberg;25­29 år;70;8;4
2007;Kronoberg;30­34 år;53;16;9
2007;Kronoberg;35­39 år;45;5;11
2007;Kronoberg;40+ år;24;­­;2
2007;Kalmar;­19 år;130;18;13
2007;Kalmar;20­24 år;132;19;12
2007;Kalmar;25­29 år;83;13;7
2007;Kalmar;30­34 år;79;10;4
2007;Kalmar;35­39 år;80;7;8
2007;Kalmar;40+ år;50;3;5
2007;Gotland;­19 år;48;13;8
2007;Gotland;20­24 år;46;10;2
2007;Gotland;25­29 år;34;7;­­
2007;Gotland;30­34 år;19;3;2
2007;Gotland;35­39 år;23;3;­­
2007;Gotland;40+ år;18;4;1
2007;Blekinge;­19 år;60;14;7
2007;Blekinge;20­24 år;85;28;4
2007;Blekinge;25­29 år;46;16;4
2007;Blekinge;30­34 år;47;13;4
2007;Blekinge;35­39 år;43;14;6
2007;Blekinge;40+ år;21;6;­­
2007;Skåne;­19 år;564;197;74
2007;Skåne;20­24 år;865;249;72
2007;Skåne;25­29 år;660;151;74
2007;Skåne;30­34 år;557;162;54
2007;Skåne;35­39 år;410;123;50
2007;Skåne;40+ år;191;66;24
2007;Halland;­19 år;162;45;17
2007;Halland;20­24 år;181;46;10
2007;Halland;25­29 år;134;29;13
2007;Halland;30­34 år;109;30;5
2007;Halland;35­39 år;91;21;9
2007;Halland;40+ år;58;7;4
2007;Västra Götaland;­19 år;842;304;107
2007;Västra Götaland;20­24 år;1157;295;105
2007;Västra Götaland;25­29 år;923;208;61
2007;Västra Götaland;30­34 år;727;117;65
2007;Västra Götaland;35­39 år;551;127;56
2007;Västra Götaland;40+ år;291;55;24
2007;Värmland;­19 år;178;57;26
2007;Värmland;20­24 år;219;48;17
2007;Värmland;25­29 år;138;38;7
2007;Värmland;30­34 år;137;28;8
2007;Värmland;35­39 år;119;21;6
2007;Värmland;40+ år;37;8;3
2007;Örebro;­19 år;175;35;13
2007;Örebro;20­24 år;212;42;24
2007;Örebro;25­29 år;151;25;9
2007;Örebro;30­34 år;127;23;15
2007;Örebro;35­39 år;105;18;9
2007;Örebro;40+ år;46;8;6
2007;Västmanland;­19 år;168;42;16
2007;Västmanland;20­24 år;182;33;15
2007;Västmanland;25­29 år;128;31;10
2007;Västmanland;30­34 år;95;28;8
2007;Västmanland;35­39 år;80;21;7
2007;Västmanland;40+ år;33;9;5
2007;Dalarna;­19 år;160;48;22
2007;Dalarna;20­24 år;163;53;18
2007;Dalarna;25­29 år;125;35;9
2007;Dalarna;30­34 år;114;32;9
2007;Dalarna;35­39 år;80;19;10
2007;Dalarna;40+ år;49;10;4
2007;Gävleborg;­19 år;160;52;19
2007;Gävleborg;20­24 år;180;45;8
2007;Gävleborg;25­29 år;145;30;11
2007;Gävleborg;30­34 år;126;33;12
2007;Gävleborg;35­39 år;92;21;16
2007;Gävleborg;40+ år;54;6;2
2007;Västernorrland;­19 år;170;47;14
2007;Västernorrland;20­24 år;163;34;16
2007;Västernorrland;25­29 år;145;21;6
2007;Västernorrland;30­34 år;106;19;8
2007;Västernorrland;35­39 år;96;16;7
2007;Västernorrland;40+ år;52;3;8
2007;Jämtland;­19 år;81;25;16
2007;Jämtland;20­24 år;87;27;10
2007;Jämtland;25­29 år;62;18;5
2007;Jämtland;30­34 år;58;8;7
2007;Jämtland;35­39 år;50;14;6
2007;Jämtland;40+ år;18;4;4
2007;Västerbotten;­19 år;136;30;19
2007;Västerbotten;20­24 år;204;23;13
2007;Västerbotten;25­29 år;145;16;10
2007;Västerbotten;30­34 år;106;19;10
2007;Västerbotten;35­39 år;92;12;10
2007;Västerbotten;40+ år;44;5;1
2007;Norrbotten;­19 år;211;39;11
2007;Norrbotten;20­24 år;194;34;6
2007;Norrbotten;25­29 år;121;31;9
2007;Norrbotten;30­34 år;141;19;3
2007;Norrbotten;35­39 år;101;23;6
2007;Norrbotten;40+ år;72;7;7
2006;Stockholm;­19 år;997;481;142
2006;Stockholm;20­24 år;1355;567;121
2006;Stockholm;25­29 år;1320;464;107
2006;Stockholm;30­34 år;1162;412;105
2006;Stockholm;35­39 år;948;309;108
2006;Stockholm;40+ år;502;163;41
2006;Uppsala;­19 år;170;74;25
2006;Uppsala;20­24 år;201;102;13
2006;Uppsala;25­29 år;154;41;9
2006;Uppsala;30­34 år;127;38;7
2006;Uppsala;35­39 år;110;45;3
2006;Uppsala;40+ år;48;21;4
2006;Södermanland;­19 år;182;61;16
2006;Södermanland;20­24 år;186;44;11
2006;Södermanland;25­29 år;135;26;10
2006;Södermanland;30­34 år;108;27;5
2006;Södermanland;35­39 år;113;20;6
2006;Södermanland;40+ år;55;13;1
2006;Östergötland;­19 år;248;57;20
2006;Östergötland;20­24 år;292;57;30
2006;Östergötland;25­29 år;228;29;13
2006;Östergötland;30­34 år;176;28;19
2006;Östergötland;35­39 år;147;25;16
2006;Östergötland;40+ år;68;16;7
2006;Jönköping;­19 år;158;30;13
2006;Jönköping;20­24 år;170;33;10
2006;Jönköping;25­29 år;117;20;8
2006;Jönköping;30­34 år;135;29;7
2006;Jönköping;35­39 år;108;9;5
2006;Jönköping;40+ år;55;5;­­
2006;Kronoberg;­19 år;80;25;4
2006;Kronoberg;20­24 år;76;12;12
2006;Kronoberg;25­29 år;74;6;9
2006;Kronoberg;30­34 år;55;16;3
2006;Kronoberg;35­39 år;60;15;6
2006;Kronoberg;40+ år;19;3;­­
2006;Kalmar;­19 år;142;28;17
2006;Kalmar;20­24 år;120;25;10
2006;Kalmar;25­29 år;87;14;14
2006;Kalmar;30­34 år;83;16;6
2006;Kalmar;35­39 år;74;16;7
2006;Kalmar;40+ år;30;2;1
2006;Gotland;­19 år;78;12;5
2006;Gotland;20­24 år;56;12;4
2006;Gotland;25­29 år;23;6;5
2006;Gotland;30­34 år;22;2;3
2006;Gotland;35­39 år;20;4;4
2006;Gotland;40+ år;12;1;1
2006;Blekinge;­19 år;58;22;11
2006;Blekinge;20­24 år;70;37;12
2006;Blekinge;25­29 år;62;16;6
2006;Blekinge;30­34 år;57;16;4
2006;Blekinge;35­39 år;41;19;4
2006;Blekinge;40+ år;16;7;4
2006;Skåne;­19 år;611;157;71
2006;Skåne;20­24 år;870;218;70
2006;Skåne;25­29 år;648;173;51
2006;Skåne;30­34 år;502;115;50
2006;Skåne;35­39 år;458;104;45
2006;Skåne;40+ år;222;51;25
2006;Halland;­19 år;120;57;15
2006;Halland;20­24 år;142;36;16
2006;Halland;25­29 år;90;33;14
2006;Halland;30­34 år;100;25;14
2006;Halland;35­39 år;102;20;2
2006;Halland;40+ år;40;11;2
2006;Västra Götaland;­19 år;844;321;69
2006;Västra Götaland;20­24 år;1101;300;76
2006;Västra Götaland;25­29 år;894;210;58
2006;Västra Götaland;30­34 år;718;146;50
2006;Västra Götaland;35­39 år;539;154;50
2006;Västra Götaland;40+ år;267;60;28
2006;Värmland;­19 år;183;60;15
2006;Värmland;20­24 år;193;62;11
2006;Värmland;25­29 år;149;30;8
2006;Värmland;30­34 år;155;29;7
2006;Värmland;35­39 år;101;31;5
2006;Värmland;40+ år;45;6;2
2006;Örebro;­19 år;170;36;14
2006;Örebro;20­24 år;206;31;17
2006;Örebro;25­29 år;143;31;10
2006;Örebro;30­34 år;146;17;14
2006;Örebro;35­39 år;119;21;7
2006;Örebro;40+ år;42;14;4
2006;Västmanland;­19 år;156;45;16
2006;Västmanland;20­24 år;179;26;7
2006;Västmanland;25­29 år;126;31;9
2006;Västmanland;30­34 år;126;24;9
2006;Västmanland;35­39 år;84;21;10
2006;Västmanland;40+ år;62;5;2
2006;Dalarna;­19 år;145;74;12
2006;Dalarna;20­24 år;169;56;19
2006;Dalarna;25­29 år;111;21;5
2006;Dalarna;30­34 år;120;32;14
2006;Dalarna;35­39 år;109;22;9
2006;Dalarna;40+ år;36;8;6
2006;Gävleborg;­19 år;176;80;23
2006;Gävleborg;20­24 år;160;47;15
2006;Gävleborg;25­29 år;129;35;12
2006;Gävleborg;30­34 år;111;23;15
2006;Gävleborg;35­39 år;105;16;7
2006;Gävleborg;40+ år;67;8;1
2006;Västernorrland;­19 år;153;68;22
2006;Västernorrland;20­24 år;163;39;14
2006;Västernorrland;25­29 år;112;16;7
2006;Västernorrland;30­34 år;123;31;8
2006;Västernorrland;35­39 år;109;31;6
2006;Västernorrland;40+ år;34;11;7
2006;Jämtland;­19 år;66;31;9
2006;Jämtland;20­24 år;79;26;6
2006;Jämtland;25­29 år;60;9;1
2006;Jämtland;30­34 år;58;10;4
2006;Jämtland;35­39 år;45;8;3
2006;Jämtland;40+ år;18;4;5
2006;Västerbotten;­19 år;163;33;10
2006;Västerbotten;20­24 år;199;37;9
2006;Västerbotten;25­29 år;133;16;8
2006;Västerbotten;30­34 år;99;8;15
2006;Västerbotten;35­39 år;75;14;8
2006;Västerbotten;40+ år;46;4;5
2006;Norrbotten;­19 år;206;27;19
2006;Norrbotten;20­24 år;185;39;12
2006;Norrbotten;25­29 år;115;20;5
2006;Norrbotten;30­34 år;123;17;8
2006;Norrbotten;35­39 år;122;13;7
2006;Norrbotten;40+ år;58;10;11
2005;Stockholm;­19 år;990;481;111
2005;Stockholm;20­24 år;1311;542;135
2005;Stockholm;25­29 år;1351;464;94
2005;Stockholm;30­34 år;1190;406;123
2005;Stockholm;35­39 år;1013;350;92
2005;Stockholm;40+ år;514;139;53
2005;Uppsala;­19 år;144;55;16
2005;Uppsala;20­24 år;198;70;17
2005;Uppsala;25­29 år;138;51;7
2005;Uppsala;30­34 år;154;43;8
2005;Uppsala;35­39 år;122;32;5
2005;Uppsala;40+ år;52;15;3
2005;Södermanland;­19 år;182;42;8
2005;Södermanland;20­24 år;195;31;14
2005;Södermanland;25­29 år;161;29;8
2005;Södermanland;30­34 år;125;30;5
2005;Södermanland;35­39 år;120;21;5
2005;Södermanland;40+ år;53;12;1
2005;Östergötland;­19 år;195;68;18
2005;Östergötland;20­24 år;253;58;25
2005;Östergötland;25­29 år;201;42;11
2005;Östergötland;30­34 år;186;39;16
2005;Östergötland;35­39 år;148;37;12
2005;Östergötland;40+ år;78;10;6
2005;Jönköping;­19 år;153;33;6
2005;Jönköping;20­24 år;177;30;15
2005;Jönköping;25­29 år;135;19;12
2005;Jönköping;30­34 år;150;14;11
2005;Jönköping;35­39 år;111;12;11
2005;Jönköping;40+ år;56;8;1
2005;Kronoberg;­19 år;73;14;11
2005;Kronoberg;20­24 år;92;11;10
2005;Kronoberg;25­29 år;49;7;5
2005;Kronoberg;30­34 år;61;11;8
2005;Kronoberg;35­39 år;70;10;5
2005;Kronoberg;40+ år;25;2;2
2005;Kalmar;­19 år;133;30;13
2005;Kalmar;20­24 år;149;25;10
2005;Kalmar;25­29 år;76;11;6
2005;Kalmar;30­34 år;81;11;9
2005;Kalmar;35­39 år;91;21;4
2005;Kalmar;40+ år;43;5;2
2005;Gotland;­19 år;42;11;6
2005;Gotland;20­24 år;45;8;3
2005;Gotland;25­29 år;28;9;1
2005;Gotland;30­34 år;21;5;4
2005;Gotland;35­39 år;25;4;3
2005;Gotland;40+ år;13;­­;­­
2005;Blekinge;­19 år;62;31;7
2005;Blekinge;20­24 år;68;24;6
2005;Blekinge;25­29 år;47;14;1
2005;Blekinge;30­34 år;60;13;3
2005;Blekinge;35­39 år;41;17;1
2005;Blekinge;40+ år;18;5;2
2005;Skåne;­19 år;562;170;69
2005;Skåne;20­24 år;765;205;66
2005;Skåne;25­29 år;632;140;45
2005;Skåne;30­34 år;544;139;40
2005;Skåne;35­39 år;468;125;46
2005;Skåne;40+ år;250;45;25
2005;Halland;­19 år;145;38;11
2005;Halland;20­24 år;134;39;15
2005;Halland;25­29 år;97;12;14
2005;Halland;30­34 år;123;24;10
2005;Halland;35­39 år;96;20;13
2005;Halland;40+ år;45;8;3
2005;Västra Götaland;­19 år;738;306;71
2005;Västra Götaland;20­24 år;998;261;86
2005;Västra Götaland;25­29 år;780;189;53
2005;Västra Götaland;30­34 år;648;158;47
2005;Västra Götaland;35­39 år;550;136;51
2005;Västra Götaland;40+ år;273;63;31
2005;Värmland;­19 år;174;57;16
2005;Värmland;20­24 år;198;57;12
2005;Värmland;25­29 år;137;40;12
2005;Värmland;30­34 år;124;30;11
2005;Värmland;35­39 år;95;40;12
2005;Värmland;40+ år;61;16;3
2005;Örebro;­19 år;152;34;16
2005;Örebro;20­24 år;180;36;22
2005;Örebro;25­29 år;140;27;7
2005;Örebro;30­34 år;126;38;11
2005;Örebro;35­39 år;101;21;6
2005;Örebro;40+ år;52;6;2
2005;Västmanland;­19 år;160;45;14
2005;Västmanland;20­24 år;146;45;11
2005;Västmanland;25­29 år;115;21;8
2005;Västmanland;30­34 år;105;25;7
2005;Västmanland;35­39 år;88;23;9
2005;Västmanland;40+ år;43;8;5
2005;Dalarna;­19 år;134;66;7
2005;Dalarna;20­24 år;127;50;12
2005;Dalarna;25­29 år;98;46;8
2005;Dalarna;30­34 år;107;31;6
2005;Dalarna;35­39 år;94;29;8
2005;Dalarna;40+ år;46;12;6
2005;Gävleborg;­19 år;155;48;20
2005;Gävleborg;20­24 år;138;62;14
2005;Gävleborg;25­29 år;136;32;14
2005;Gävleborg;30­34 år;114;42;12
2005;Gävleborg;35­39 år;93;12;8
2005;Gävleborg;40+ år;34;17;2
2005;Västernorrland;­19 år;140;57;15
2005;Västernorrland;20­24 år;112;55;13
2005;Västernorrland;25­29 år;92;24;10
2005;Västernorrland;30­34 år;102;21;9
2005;Västernorrland;35­39 år;93;27;10
2005;Västernorrland;40+ år;31;4;9
2005;Jämtland;­19 år;57;37;4
2005;Jämtland;20­24 år;64;36;13
2005;Jämtland;25­29 år;52;25;6
2005;Jämtland;30­34 år;45;19;7
2005;Jämtland;35­39 år;37;12;9
2005;Jämtland;40+ år;23;8;4
2005;Västerbotten;­19 år;141;36;14
2005;Västerbotten;20­24 år;168;21;7
2005;Västerbotten;25­29 år;116;21;7
2005;Västerbotten;30­34 år;122;16;6
2005;Västerbotten;35­39 år;96;12;7
2005;Västerbotten;40+ år;37;11;3
2005;Norrbotten;­19 år;173;30;17
2005;Norrbotten;20­24 år;152;29;19
2005;Norrbotten;25­29 år;145;21;12
2005;Norrbotten;30­34 år;133;25;9
2005;Norrbotten;35­39 år;94;19;13
2005;Norrbotten;40+ år;59;5;7
2004;Stockholm;­19 år;885;431;101
2004;Stockholm;20­24 år;1300;531;123
2004;Stockholm;25­29 år;1268;464;86
2004;Stockholm;30­34 år;1217;374;101
2004;Stockholm;35­39 år;988;335;82
2004;Stockholm;40+ år;481;122;51
2004;Uppsala;­19 år;129;53;13
2004;Uppsala;20­24 år;174;67;11
2004;Uppsala;25­29 år;149;38;8
2004;Uppsala;30­34 år;156;32;6
2004;Uppsala;35­39 år;118;30;5
2004;Uppsala;40+ år;55;16;3
2004;Södermanland;­19 år;153;37;8
2004;Södermanland;20­24 år;165;42;10
2004;Södermanland;25­29 år;152;30;8
2004;Södermanland;30­34 år;143;26;6
2004;Södermanland;35­39 år;142;20;10
2004;Södermanland;40+ år;34;8;1
2004;Östergötland;­19 år;201;75;23
2004;Östergötland;20­24 år;205;64;25
2004;Östergötland;25­29 år;189;52;16
2004;Östergötland;30­34 år;168;36;17
2004;Östergötland;35­39 år;163;32;18
2004;Östergötland;40+ år;84;8;2
2004;Jönköping;­19 år;128;27;15
2004;Jönköping;20­24 år;161;35;14
2004;Jönköping;25­29 år;118;17;11
2004;Jönköping;30­34 år;145;27;12
2004;Jönköping;35­39 år;92;19;6
2004;Jönköping;40+ år;56;14;2
2004;Kronoberg;­19 år;69;21;9
2004;Kronoberg;20­24 år;78;22;7
2004;Kronoberg;25­29 år;55;9;5
2004;Kronoberg;30­34 år;70;8;5
2004;Kronoberg;35­39 år;57;15;4
2004;Kronoberg;40+ år;19;2;­­
2004;Kalmar;­19 år;117;23;14
2004;Kalmar;20­24 år;109;25;1
2004;Kalmar;25­29 år;89;13;6
2004;Kalmar;30­34 år;107;20;9
2004;Kalmar;35­39 år;83;14;7
2004;Kalmar;40+ år;30;9;4
2004;Gotland;­19 år;58;14;6
2004;Gotland;20­24 år;40;10;2
2004;Gotland;25­29 år;28;8;4
2004;Gotland;30­34 år;28;2;2
2004;Gotland;35­39 år;22;1;1
2004;Gotland;40+ år;14;2;2
2004;Blekinge;­19 år;48;29;10
2004;Blekinge;20­24 år;57;34;7
2004;Blekinge;25­29 år;43;19;1
2004;Blekinge;30­34 år;32;18;3
2004;Blekinge;35­39 år;42;21;3
2004;Blekinge;40+ år;15;5;­­
2004;Skåne;­19 år;512;181;64
2004;Skåne;20­24 år;757;212;52
2004;Skåne;25­29 år;595;176;55
2004;Skåne;30­34 år;549;137;50
2004;Skåne;35­39 år;444;147;44
2004;Skåne;40+ år;218;52;28
2004;Halland;­19 år;127;56;9
2004;Halland;20­24 år;157;36;9
2004;Halland;25­29 år;105;27;8
2004;Halland;30­34 år;119;23;9
2004;Halland;35­39 år;111;33;8
2004;Halland;40+ år;47;11;5
2004;Västra Götaland;­19 år;742;355;92
2004;Västra Götaland;20­24 år;953;307;73
2004;Västra Götaland;25­29 år;794;235;83
2004;Västra Götaland;30­34 år;638;212;51
2004;Västra Götaland;35­39 år;573;166;57
2004;Västra Götaland;40+ år;258;69;20
2004;Värmland;­19 år;171;55;9
2004;Värmland;20­24 år;164;53;11
2004;Värmland;25­29 år;134;31;7
2004;Värmland;30­34 år;127;29;8
2004;Värmland;35­39 år;135;38;10
2004;Värmland;40+ år;34;10;2
2004;Örebro;­19 år;139;30;10
2004;Örebro;20­24 år;163;42;15
2004;Örebro;25­29 år;157;38;16
2004;Örebro;30­34 år;155;33;9
2004;Örebro;35­39 år;102;25;7
2004;Örebro;40+ år;33;10;3
2004;Västmanland;­19 år;156;60;19
2004;Västmanland;20­24 år;162;40;15
2004;Västmanland;25­29 år;109;38;7
2004;Västmanland;30­34 år;115;29;9
2004;Västmanland;35­39 år;76;25;16
2004;Västmanland;40+ år;37;5;7
2004;Dalarna;­19 år;107;53;14
2004;Dalarna;20­24 år;140;54;15
2004;Dalarna;25­29 år;90;19;11
2004;Dalarna;30­34 år;111;34;8
2004;Dalarna;35­39 år;75;20;10
2004;Dalarna;40+ år;41;17;2
2004;Gävleborg;­19 år;158;44;23
2004;Gävleborg;20­24 år;140;64;20
2004;Gävleborg;25­29 år;117;34;14
2004;Gävleborg;30­34 år;116;30;11
2004;Gävleborg;35­39 år;104;31;9
2004;Gävleborg;40+ år;40;12;5
2004;Västernorrland;­19 år;116;56;14
2004;Västernorrland;20­24 år;110;44;11
2004;Västernorrland;25­29 år;113;33;7
2004;Västernorrland;30­34 år;100;29;16
2004;Västernorrland;35­39 år;69;26;10
2004;Västernorrland;40+ år;34;12;2
2004;Jämtland;­19 år;56;46;12
2004;Jämtland;20­24 år;57;34;8
2004;Jämtland;25­29 år;43;9;2
2004;Jämtland;30­34 år;50;13;9
2004;Jämtland;35­39 år;35;16;4
2004;Jämtland;40+ år;27;5;3
2004;Västerbotten;­19 år;147;34;17
2004;Västerbotten;20­24 år;159;35;15
2004;Västerbotten;25­29 år;105;24;6
2004;Västerbotten;30­34 år;111;9;4
2004;Västerbotten;35­39 år;86;26;2
2004;Västerbotten;40+ år;41;8;1
2004;Norrbotten;­19 år;153;39;14
2004;Norrbotten;20­24 år;149;35;8
2004;Norrbotten;25­29 år;113;19;16
2004;Norrbotten;30­34 år;126;20;5
2004;Norrbotten;35­39 år;121;17;13
2004;Norrbotten;40+ år;49;8;6
2003;Stockholm;­19 år;924;452;100
2003;Stockholm;20­24 år;1334;517;129
2003;Stockholm;25­29 år;1327;470;91
2003;Stockholm;30­34 år;1208;390;98
2003;Stockholm;35­39 år;958;340;85
2003;Stockholm;40+ år;418;160;38
2003;Uppsala;­19 år;110;76;16
2003;Uppsala;20­24 år;176;88;12
2003;Uppsala;25­29 år;129;66;10
2003;Uppsala;30­34 år;111;52;8
2003;Uppsala;35­39 år;97;46;6
2003;Uppsala;40+ år;44;11;2
2003;Södermanland;­19 år;156;49;11
2003;Södermanland;20­24 år;159;55;14
2003;Södermanland;25­29 år;105;33;8
2003;Södermanland;30­34 år;129;36;6
2003;Södermanland;35­39 år;122;30;6
2003;Södermanland;40+ år;40;11;2
2003;Östergötland;­19 år;169;89;20
2003;Östergötland;20­24 år;206;80;22
2003;Östergötland;25­29 år;190;53;33
2003;Östergötland;30­34 år;173;52;16
2003;Östergötland;35­39 år;133;38;16
2003;Östergötland;40+ år;60;13;11
2003;Jönköping;­19 år;146;30;10
2003;Jönköping;20­24 år;151;35;9
2003;Jönköping;25­29 år;120;23;10
2003;Jönköping;30­34 år;121;13;6
2003;Jönköping;35­39 år;113;19;11
2003;Jönköping;40+ år;43;8;3
2003;Kronoberg;­19 år;58;20;8
2003;Kronoberg;20­24 år;75;16;5
2003;Kronoberg;25­29 år;73;25;5
2003;Kronoberg;30­34 år;62;22;2
2003;Kronoberg;35­39 år;52;10;2
2003;Kronoberg;40+ år;15;3;1
2003;Kalmar;­19 år;122;29;10
2003;Kalmar;20­24 år;112;17;7
2003;Kalmar;25­29 år;77;8;3
2003;Kalmar;30­34 år;99;13;11
2003;Kalmar;35­39 år;95;13;5
2003;Kalmar;40+ år;36;4;1
2003;Gotland;­19 år;38;12;4
2003;Gotland;20­24 år;49;7;5
2003;Gotland;25­29 år;29;6;1
2003;Gotland;30­34 år;21;4;­­
2003;Gotland;35­39 år;9;3;­­
2003;Gotland;40+ år;12;1;1
2003;Blekinge;­19 år;52;20;10
2003;Blekinge;20­24 år;60;22;4
2003;Blekinge;25­29 år;47;19;7
2003;Blekinge;30­34 år;43;25;­­
2003;Blekinge;35­39 år;42;19;5
2003;Blekinge;40+ år;13;4;3
2003;Skåne;­19 år;512;188;54
2003;Skåne;20­24 år;687;267;74
2003;Skåne;25­29 år;597;155;53
2003;Skåne;30­34 år;503;149;54
2003;Skåne;35­39 år;461;155;44
2003;Skåne;40+ år;185;61;23
2003;Halland;­19 år;116;43;14
2003;Halland;20­24 år;125;38;11
2003;Halland;25­29 år;111;31;9
2003;Halland;30­34 år;119;39;12
2003;Halland;35­39 år;103;27;11
2003;Halland;40+ år;43;4;6
2003;Västra Götaland;­19 år;699;335;95
2003;Västra Götaland;20­24 år;900;432;86
2003;Västra Götaland;25­29 år;704;273;63
2003;Västra Götaland;30­34 år;677;244;80
2003;Västra Götaland;35­39 år;539;207;48
2003;Västra Götaland;40+ år;232;91;31
2003;Värmland;­19 år;165;40;21
2003;Värmland;20­24 år;183;53;10
2003;Värmland;25­29 år;140;32;11
2003;Värmland;30­34 år;134;36;10
2003;Värmland;35­39 år;109;27;5
2003;Värmland;40+ år;37;13;6
2003;Örebro;­19 år;143;37;13
2003;Örebro;20­24 år;184;38;14
2003;Örebro;25­29 år;162;33;17
2003;Örebro;30­34 år;130;30;16
2003;Örebro;35­39 år;115;36;8
2003;Örebro;40+ år;48;10;4
2003;Västmanland;­19 år;142;55;12
2003;Västmanland;20­24 år;132;50;8
2003;Västmanland;25­29 år;128;33;10
2003;Västmanland;30­34 år;149;31;12
2003;Västmanland;35­39 år;93;30;8
2003;Västmanland;40+ år;39;12;7
2003;Dalarna;­19 år;106;75;14
2003;Dalarna;20­24 år;124;52;5
2003;Dalarna;25­29 år;107;37;8
2003;Dalarna;30­34 år;114;30;8
2003;Dalarna;35­39 år;98;36;7
2003;Dalarna;40+ år;37;12;3
2003;Gävleborg;­19 år;122;70;14
2003;Gävleborg;20­24 år;129;61;17
2003;Gävleborg;25­29 år;114;52;19
2003;Gävleborg;30­34 år;143;43;13
2003;Gävleborg;35­39 år;82;42;5
2003;Gävleborg;40+ år;42;14;5
2003;Västernorrland;­19 år;116;67;20
2003;Västernorrland;20­24 år;118;37;10
2003;Västernorrland;25­29 år;84;36;8
2003;Västernorrland;30­34 år;108;37;11
2003;Västernorrland;35­39 år;90;24;10
2003;Västernorrland;40+ år;34;17;4
2003;Jämtland;­19 år;64;43;10
2003;Jämtland;20­24 år;60;29;7
2003;Jämtland;25­29 år;42;19;4
2003;Jämtland;30­34 år;44;23;5
2003;Jämtland;35­39 år;42;16;3
2003;Jämtland;40+ år;21;9;­­
2003;Västerbotten;­19 år;122;36;12
2003;Västerbotten;20­24 år;153;38;14
2003;Västerbotten;25­29 år;128;27;7
2003;Västerbotten;30­34 år;105;22;3
2003;Västerbotten;35­39 år;83;18;9
2003;Västerbotten;40+ år;30;9;2
2003;Norrbotten;­19 år;134;41;18
2003;Norrbotten;20­24 år;169;38;14
2003;Norrbotten;25­29 år;121;27;15
2003;Norrbotten;30­34 år;126;23;14
2003;Norrbotten;35­39 år;127;19;5
2003;Norrbotten;40+ år;53;6;6
2002;Stockholm;­19 år;831;482;91
2002;Stockholm;20­24 år;1260;609;128
2002;Stockholm;25­29 år;1214;530;83
2002;Stockholm;30­34 år;1124;417;69
2002;Stockholm;35­39 år;960;367;79
2002;Stockholm;40+ år;357;142;36
2002;Uppsala;­19 år;111;56;11
2002;Uppsala;20­24 år;160;75;10
2002;Uppsala;25­29 år;131;56;6
2002;Uppsala;30­34 år;113;62;4
2002;Uppsala;35­39 år;96;49;10
2002;Uppsala;40+ år;43;21;2
2002;Södermanland;­19 år;116;51;10
2002;Södermanland;20­24 år;130;42;13
2002;Södermanland;25­29 år;95;36;5
2002;Södermanland;30­34 år;131;34;6
2002;Södermanland;35­39 år;94;25;5
2002;Södermanland;40+ år;35;7;1
2002;Östergötland;­19 år;169;62;23
2002;Östergötland;20­24 år;201;67;26
2002;Östergötland;25­29 år;203;44;11
2002;Östergötland;30­34 år;171;57;22
2002;Östergötland;35­39 år;139;37;12
2002;Östergötland;40+ år;47;11;4
2002;Jönköping;­19 år;130;46;16
2002;Jönköping;20­24 år;134;39;12
2002;Jönköping;25­29 år;139;23;11
2002;Jönköping;30­34 år;130;31;7
2002;Jönköping;35­39 år;107;23;11
2002;Jönköping;40+ år;34;8;1
2002;Kronoberg;­19 år;67;19;9
2002;Kronoberg;20­24 år;71;20;13
2002;Kronoberg;25­29 år;71;16;5
2002;Kronoberg;30­34 år;59;20;6
2002;Kronoberg;35­39 år;51;7;8
2002;Kronoberg;40+ år;19;3;­­
2002;Kalmar;­19 år;118;23;15
2002;Kalmar;20­24 år;93;12;11
2002;Kalmar;25­29 år;83;21;8
2002;Kalmar;30­34 år;92;27;7
2002;Kalmar;35­39 år;81;13;10
2002;Kalmar;40+ år;28;3;1
2002;Gotland;­19 år;32;14;5
2002;Gotland;20­24 år;39;17;6
2002;Gotland;25­29 år;35;7;1
2002;Gotland;30­34 år;24;3;1
2002;Gotland;35­39 år;20;3;1
2002;Gotland;40+ år;7;3;2
2002;Blekinge;­19 år;43;26;14
2002;Blekinge;20­24 år;53;34;6
2002;Blekinge;25­29 år;49;29;3
2002;Blekinge;30­34 år;42;17;7
2002;Blekinge;35­39 år;46;22;4
2002;Blekinge;40+ år;11;8;2
2002;Skåne;­19 år;503;215;78
2002;Skåne;20­24 år;636;249;78
2002;Skåne;25­29 år;548;152;55
2002;Skåne;30­34 år;488;149;32
2002;Skåne;35­39 år;406;139;41
2002;Skåne;40+ år;179;56;17
2002;Halland;­19 år;107;53;9
2002;Halland;20­24 år;125;44;12
2002;Halland;25­29 år;106;31;15
2002;Halland;30­34 år;109;37;13
2002;Halland;35­39 år;108;30;10
2002;Halland;40+ år;41;14;1
2002;Västra Götaland;­19 år;621;424;94
2002;Västra Götaland;20­24 år;778;417;105
2002;Västra Götaland;25­29 år;649;300;80
2002;Västra Götaland;30­34 år;578;279;68
2002;Västra Götaland;35­39 år;500;259;67
2002;Västra Götaland;40+ år;219;103;24
2002;Värmland;­19 år;154;51;8
2002;Värmland;20­24 år;158;52;12
2002;Värmland;25­29 år;159;37;7
2002;Värmland;30­34 år;140;31;10
2002;Värmland;35­39 år;98;23;6
2002;Värmland;40+ år;45;17;6
2002;Örebro;­19 år;158;34;18
2002;Örebro;20­24 år;159;46;11
2002;Örebro;25­29 år;121;32;16
2002;Örebro;30­34 år;109;27;11
2002;Örebro;35­39 år;108;23;6
2002;Örebro;40+ år;34;10;1
2002;Västmanland;­19 år;145;60;15
2002;Västmanland;20­24 år;162;43;15
2002;Västmanland;25­29 år;144;25;12
2002;Västmanland;30­34 år;142;30;14
2002;Västmanland;35­39 år;105;30;9
2002;Västmanland;40+ år;41;5;1
2002;Dalarna;­19 år;119;72;13
2002;Dalarna;20­24 år;118;64;13
2002;Dalarna;25­29 år;103;43;11
2002;Dalarna;30­34 år;113;41;6
2002;Dalarna;35­39 år;96;31;5
2002;Dalarna;40+ år;38;16;1
2002;Gävleborg;­19 år;117;72;16
2002;Gävleborg;20­24 år;125;51;17
2002;Gävleborg;25­29 år;105;53;9
2002;Gävleborg;30­34 år;105;42;10
2002;Gävleborg;35­39 år;90;38;5
2002;Gävleborg;40+ år;42;17;6
2002;Västernorrland;­19 år;111;70;13
2002;Västernorrland;20­24 år;101;35;12
2002;Västernorrland;25­29 år;86;32;13
2002;Västernorrland;30­34 år;93;38;11
2002;Västernorrland;35­39 år;67;22;6
2002;Västernorrland;40+ år;32;8;5
2002;Jämtland;­19 år;53;41;6
2002;Jämtland;20­24 år;61;31;6
2002;Jämtland;25­29 år;61;24;7
2002;Jämtland;30­34 år;47;24;3
2002;Jämtland;35­39 år;45;17;5
2002;Jämtland;40+ år;20;8;1
2002;Västerbotten;­19 år;137;42;13
2002;Västerbotten;20­24 år;153;48;18
2002;Västerbotten;25­29 år;113;27;9
2002;Västerbotten;30­34 år;92;22;4
2002;Västerbotten;35­39 år;63;21;8
2002;Västerbotten;40+ år;25;9;1
2002;Norrbotten;­19 år;127;45;18
2002;Norrbotten;20­24 år;162;40;16
2002;Norrbotten;25­29 år;124;31;7
2002;Norrbotten;30­34 år;160;28;7
2002;Norrbotten;35­39 år;102;21;11
2002;Norrbotten;40+ år;40;9;2
Socialstyrelsens statistikdatabas 2017-02-02;;;;;